feature,f_statistic,p_value,significant
age,0.14425244818410174,0.7041568922999877,No
daily_social_media_hours,37.93750067349203,9.955179654272663e-10,Yes
sleep_hours,45.17661127042724,2.7783115373186858e-11,Yes
screen_time_before_sleep,0.3263086670690469,0.5679479490943533,No
academic_performance,0.0024866368125628386,0.9602373333064278,No
physical_activity,0.3711096912654209,0.5425155162922566,No
stress_level,35.85748646295429,2.802296558200513e-09,Yes
anxiety_level,35.46543696188683,3.4071074421533534e-09,Yes
addiction_level,0.23324897879285947,0.6292133973463201,No
