,age,age,age,age,daily_social_media_hours,daily_social_media_hours,daily_social_media_hours,daily_social_media_hours,sleep_hours,sleep_hours,sleep_hours,sleep_hours,screen_time_before_sleep,screen_time_before_sleep,screen_time_before_sleep,screen_time_before_sleep,academic_performance,academic_performance,academic_performance,academic_performance,physical_activity,physical_activity,physical_activity,physical_activity,stress_level,stress_level,stress_level,stress_level,anxiety_level,anxiety_level,anxiety_level,anxiety_level,addiction_level,addiction_level,addiction_level,addiction_level
,mean,std,min,max,mean,std,min,max,mean,std,min,max,mean,std,min,max,mean,std,min,max,mean,std,min,max,mean,std,min,max,mean,std,min,max,mean,std,min,max
depression_label,,,,,,,,,,,,,,,,,,,,,,,,,,,,,,,,,,,,
0,15.924721984602224,2.021582083945038,13,19,4.4787852865697175,2.01802533753519,1.0,8.0,6.4941830624465355,1.4320154290587046,4.0,9.0,1.7422583404619334,0.7154319259980726,0.5,3.0,2.990248075278015,0.5773033289454045,2.0,4.0,1.0161676646706588,0.5826577856273454,0.0,2.0,5.365269461077844,2.8920400233533874,1,10,5.557741659538067,2.850191119219865,1,10,5.571428571428571,2.826350706657869,1,10
1,16.06451612903226,2.064549730909345,13,19,6.719354838709678,1.01338355846103,5.1,8.0,4.761290322580645,0.5666729917420562,4.1,5.8,1.667741935483871,0.7704488288325593,0.5,3.0,2.995483870967742,0.5649651240544407,2.04,3.79,0.9516129032258065,0.5697197953040514,0.0,2.0,8.483870967741936,1.2075034228229051,7,10,8.612903225806452,1.054432528419551,7,10,5.32258064516129,3.0264070752207535,1,10
