,count,mean,std,min,25%,50%,75%,max
age,31.0,16.06451612903226,2.064549730909345,13.0,15.0,16.0,18.0,19.0
daily_social_media_hours,31.0,6.719354838709679,1.01338355846103,5.1,5.75,7.0,7.6,8.0
sleep_hours,31.0,4.761290322580645,0.5666729917420562,4.1,4.25,4.6,5.25,5.8
screen_time_before_sleep,31.0,1.667741935483871,0.7704488288325594,0.5,1.1,1.5,2.3,3.0
academic_performance,31.0,2.9954838709677425,0.5649651240544405,2.04,2.49,3.05,3.495,3.79
physical_activity,31.0,0.9516129032258066,0.5697197953040515,0.0,0.45,1.0,1.35,2.0
stress_level,31.0,8.483870967741936,1.2075034228229053,7.0,7.0,8.0,10.0,10.0
anxiety_level,31.0,8.612903225806452,1.0544325284195513,7.0,8.0,9.0,9.0,10.0
addiction_level,31.0,5.32258064516129,3.026407075220753,1.0,3.0,4.0,8.5,10.0
