,age,daily_social_media_hours,sleep_hours,screen_time_before_sleep,academic_performance,physical_activity,stress_level,anxiety_level,addiction_level
age,1.0,-0.008429608812286571,0.0061184143670586725,0.07892028436699779,-0.007723507605845119,0.012882004441122372,-0.033074528617660005,0.02542109479421598,0.03780353271704234
daily_social_media_hours,-0.008429608812286571,1.0,0.02487625298185099,0.039582254580040666,0.014917051417509548,0.030371563809641518,-7.941054979684415e-05,-0.0021536011052189176,-0.020388985892621513
sleep_hours,0.0061184143670586725,0.02487625298185099,1.0,0.009925695398483108,0.021411364246559574,0.01104093264374164,0.023853390636332437,0.02087019210359983,-0.061200263011869864
screen_time_before_sleep,0.07892028436699779,0.039582254580040666,0.009925695398483108,1.0,-0.03394476828195026,-0.03136005783223576,-0.004570073492783247,-0.008377430386367778,0.03817963223533076
academic_performance,-0.007723507605845119,0.014917051417509548,0.021411364246559574,-0.03394476828195026,1.0,0.02377392541850954,-0.0017363070704351478,-0.06386104519240283,0.029890260590705688
physical_activity,0.012882004441122372,0.030371563809641518,0.01104093264374164,-0.03136005783223576,0.02377392541850954,1.0,0.014834356650290719,-0.022499220527995127,0.03171373465090028
stress_level,-0.033074528617660005,-7.941054979684415e-05,0.023853390636332437,-0.004570073492783247,-0.0017363070704351478,0.014834356650290719,1.0,-0.013311186378694034,0.004084993926810678
anxiety_level,0.02542109479421598,-0.0021536011052189176,0.02087019210359983,-0.008377430386367778,-0.06386104519240283,-0.022499220527995127,-0.013311186378694034,1.0,0.03873196610721272
addiction_level,0.03780353271704234,-0.020388985892621513,-0.061200263011869864,0.03817963223533076,0.029890260590705688,0.03171373465090028,0.004084993926810678,0.03873196610721272,1.0
