depression_label,age,daily_social_media_hours,sleep_hours,screen_time_before_sleep,academic_performance,physical_activity,stress_level,anxiety_level,addiction_level
0,15.924721984602224,4.4787852865697175,6.4941830624465355,1.7422583404619334,2.990248075278015,1.0161676646706588,5.365269461077844,5.557741659538067,5.571428571428571
1,16.06451612903226,6.719354838709678,4.761290322580645,1.667741935483871,2.995483870967742,0.9516129032258065,8.483870967741936,8.612903225806452,5.32258064516129
