depression_label,count,percentage
0,1169,97.41666666666666
1,31,2.5833333333333335
