{
    "model_name": "random_forest",
    "accuracy": 0.9833333333333333,
    "precision": 1.0,
    "recall": 0.3333333333333333,
    "f1_score": 0.5,
    "roc_auc": 1.0,
    "pr_auc_average_precision": 1.0
}